CREATE SCHEMA `cars` ;
use cars;

drop table if exists types;
drop table if exists brands;
drop table if exists type_brand;
drop table if exists models;
drop table if exists colorcode;
drop table if exists modelcolors;


CREATE TABLE `cars`.`types` (
  `typeId` INT NOT NULL,
  `name` VARCHAR(45) NULL,
  PRIMARY KEY (`typeId`));


CREATE TABLE `cars`.`brands` (
  `brandid` INT NOT NULL,
  `name` VARCHAR(45) NULL,
  PRIMARY KEY (`brandid`));


CREATE TABLE `cars`.`type_brand` (
  `ID` INT NOT NULL,
  `typeid` INT NULL,
  `brandid` INT NULL,
  PRIMARY KEY (`ID`));


CREATE TABLE `cars`.`models` (
  `modelid` INT NOT NULL,
  `type_brandid` INT NULL,
  `name` VARCHAR(145) NULL,
  PRIMARY KEY (`modelid`));



CREATE TABLE `cars`.`colorcode` (
  `ID` INT NOT NULL,
  `color` VARCHAR(45) NULL,
  PRIMARY KEY (`ID`));



CREATE TABLE `cars`.`modelcolors` (
  `ID` INT NOT NULL,
  `modelid` INT NULL,
  `colorid` INT NULL,
  PRIMARY KEY (`ID`));



INSERT INTO `cars`.`types` (`typeId`, `name`) VALUES ('1', 'SUV');
INSERT INTO `cars`.`types` (`typeId`, `name`) VALUES ('2', 'convertible');
INSERT INTO `cars`.`types` (`typeId`, `name`) VALUES ('3', 'coupe');
INSERT INTO `cars`.`types` (`typeId`, `name`) VALUES ('4', 'hatchback');
INSERT INTO `cars`.`types` (`typeId`, `name`) VALUES ('5', 'sedan');
INSERT INTO `cars`.`types` (`typeId`, `name`) VALUES ('6', 'Pick-up');


INSERT INTO `cars`.`brands` (`brandid`, `name`) VALUES ('1', 'Abarth');
INSERT INTO `cars`.`brands` (`brandid`, `name`) VALUES ('2', 'Alfa');
INSERT INTO `cars`.`brands` (`brandid`, `name`) VALUES ('3', 'Asia');
INSERT INTO `cars`.`brands` (`brandid`, `name`) VALUES ('4', 'Aston');
INSERT INTO `cars`.`brands` (`brandid`, `name`) VALUES ('5', 'Audi');
INSERT INTO `cars`.`brands` (`brandid`, `name`) VALUES ('6', 'Austin');
INSERT INTO `cars`.`brands` (`brandid`, `name`) VALUES ('7', 'Autobianchi');
INSERT INTO `cars`.`brands` (`brandid`, `name`) VALUES ('8', 'Bentley');
INSERT INTO `cars`.`brands` (`brandid`, `name`) VALUES ('9', 'BMW');
INSERT INTO `cars`.`brands` (`brandid`, `name`) VALUES ('10', 'Bugatti');
INSERT INTO `cars`.`brands` (`brandid`, `name`) VALUES ('11', 'Buick');
INSERT INTO `cars`.`brands` (`brandid`, `name`) VALUES ('12', 'Cadillac');
INSERT INTO `cars`.`brands` (`brandid`, `name`) VALUES ('13', 'Carver');
INSERT INTO `cars`.`brands` (`brandid`, `name`) VALUES ('14', 'Chevrolet');
INSERT INTO `cars`.`brands` (`brandid`, `name`) VALUES ('15', 'Chrysler');
INSERT INTO `cars`.`brands` (`brandid`, `name`) VALUES ('16', 'Citroen');
INSERT INTO `cars`.`brands` (`brandid`, `name`) VALUES ('17', 'Corvette');
INSERT INTO `cars`.`brands` (`brandid`, `name`) VALUES ('18', 'Dacia');
INSERT INTO `cars`.`brands` (`brandid`, `name`) VALUES ('19', 'Daewoo');
INSERT INTO `cars`.`brands` (`brandid`, `name`) VALUES ('20', 'Daihatsu');
INSERT INTO `cars`.`brands` (`brandid`, `name`) VALUES ('21', 'Daimler');
INSERT INTO `cars`.`brands` (`brandid`, `name`) VALUES ('22', 'Datsun');
INSERT INTO `cars`.`brands` (`brandid`, `name`) VALUES ('23', 'Dodge');
INSERT INTO `cars`.`brands` (`brandid`, `name`) VALUES ('24', 'Donkervoort');
INSERT INTO `cars`.`brands` (`brandid`, `name`) VALUES ('25', 'DS');
INSERT INTO `cars`.`brands` (`brandid`, `name`) VALUES ('26', 'Ferrari');
INSERT INTO `cars`.`brands` (`brandid`, `name`) VALUES ('27', 'Fiat');
INSERT INTO `cars`.`brands` (`brandid`, `name`) VALUES ('28', 'Fisker');
INSERT INTO `cars`.`brands` (`brandid`, `name`) VALUES ('29', 'Ford');
INSERT INTO `cars`.`brands` (`brandid`, `name`) VALUES ('30', 'FSO');
INSERT INTO `cars`.`brands` (`brandid`, `name`) VALUES ('31', 'Galloper');
INSERT INTO `cars`.`brands` (`brandid`, `name`) VALUES ('32', 'Honda');
INSERT INTO `cars`.`brands` (`brandid`, `name`) VALUES ('33', 'Hummer');
INSERT INTO `cars`.`brands` (`brandid`, `name`) VALUES ('34', 'Hyundai');
INSERT INTO `cars`.`brands` (`brandid`, `name`) VALUES ('35', 'Infiniti');
INSERT INTO `cars`.`brands` (`brandid`, `name`) VALUES ('36', 'Innocenti');
INSERT INTO `cars`.`brands` (`brandid`, `name`) VALUES ('37', 'Jaguar');
INSERT INTO `cars`.`brands` (`brandid`, `name`) VALUES ('38', 'Jeep');
INSERT INTO `cars`.`brands` (`brandid`, `name`) VALUES ('39', 'Josse');
INSERT INTO `cars`.`brands` (`brandid`, `name`) VALUES ('40', 'Kia');
INSERT INTO `cars`.`brands` (`brandid`, `name`) VALUES ('41', 'Lada');
INSERT INTO `cars`.`brands` (`brandid`, `name`) VALUES ('42', 'Lamborghini');
INSERT INTO `cars`.`brands` (`brandid`, `name`) VALUES ('43', 'Lancia');
INSERT INTO `cars`.`brands` (`brandid`, `name`) VALUES ('44', 'Land');
INSERT INTO `cars`.`brands` (`brandid`, `name`) VALUES ('45', 'Landwind');
INSERT INTO `cars`.`brands` (`brandid`, `name`) VALUES ('46', 'Lexus');
INSERT INTO `cars`.`brands` (`brandid`, `name`) VALUES ('47', 'Lincoln');
INSERT INTO `cars`.`brands` (`brandid`, `name`) VALUES ('48', 'Lotus');
INSERT INTO `cars`.`brands` (`brandid`, `name`) VALUES ('49', 'Marcos');
INSERT INTO `cars`.`brands` (`brandid`, `name`) VALUES ('50', 'Maserati');
INSERT INTO `cars`.`brands` (`brandid`, `name`) VALUES ('51', 'Maybach');
INSERT INTO `cars`.`brands` (`brandid`, `name`) VALUES ('52', 'Mazda');
INSERT INTO `cars`.`brands` (`brandid`, `name`) VALUES ('53', 'McLaren');
INSERT INTO `cars`.`brands` (`brandid`, `name`) VALUES ('54', 'Mega');
INSERT INTO `cars`.`brands` (`brandid`, `name`) VALUES ('55', 'Mercedes');
INSERT INTO `cars`.`brands` (`brandid`, `name`) VALUES ('56', 'Mercury');
INSERT INTO `cars`.`brands` (`brandid`, `name`) VALUES ('57', 'MG');
INSERT INTO `cars`.`brands` (`brandid`, `name`) VALUES ('58', 'Mini');
INSERT INTO `cars`.`brands` (`brandid`, `name`) VALUES ('59', 'Mitsubishi');
INSERT INTO `cars`.`brands` (`brandid`, `name`) VALUES ('60', 'Morgan');
INSERT INTO `cars`.`brands` (`brandid`, `name`) VALUES ('61', 'Morris');
INSERT INTO `cars`.`brands` (`brandid`, `name`) VALUES ('62', 'Nissan');
INSERT INTO `cars`.`brands` (`brandid`, `name`) VALUES ('63', 'Noble');
INSERT INTO `cars`.`brands` (`brandid`, `name`) VALUES ('64', 'Opel');
INSERT INTO `cars`.`brands` (`brandid`, `name`) VALUES ('65', 'Peugeot');
INSERT INTO `cars`.`brands` (`brandid`, `name`) VALUES ('66', 'PGO');
INSERT INTO `cars`.`brands` (`brandid`, `name`) VALUES ('67', 'Pontiac');
INSERT INTO `cars`.`brands` (`brandid`, `name`) VALUES ('68', 'Porsche');
INSERT INTO `cars`.`brands` (`brandid`, `name`) VALUES ('69', 'Princess');
INSERT INTO `cars`.`brands` (`brandid`, `name`) VALUES ('70', 'Renault');
INSERT INTO `cars`.`brands` (`brandid`, `name`) VALUES ('71', 'Rolls-Royce');
INSERT INTO `cars`.`brands` (`brandid`, `name`) VALUES ('72', 'Rover');
INSERT INTO `cars`.`brands` (`brandid`, `name`) VALUES ('73', 'Saab');
INSERT INTO `cars`.`brands` (`brandid`, `name`) VALUES ('74', 'Seat');
INSERT INTO `cars`.`brands` (`brandid`, `name`) VALUES ('75', 'Skoda');
INSERT INTO `cars`.`brands` (`brandid`, `name`) VALUES ('76', 'Smart');
INSERT INTO `cars`.`brands` (`brandid`, `name`) VALUES ('77', 'Spectre');
INSERT INTO `cars`.`brands` (`brandid`, `name`) VALUES ('78', 'SsangYong');
INSERT INTO `cars`.`brands` (`brandid`, `name`) VALUES ('79', 'Subaru');
INSERT INTO `cars`.`brands` (`brandid`, `name`) VALUES ('80', 'Suzuki');
INSERT INTO `cars`.`brands` (`brandid`, `name`) VALUES ('81', 'Talbot');
INSERT INTO `cars`.`brands` (`brandid`, `name`) VALUES ('82', 'Tesla');
INSERT INTO `cars`.`brands` (`brandid`, `name`) VALUES ('83', 'Think');
INSERT INTO `cars`.`brands` (`brandid`, `name`) VALUES ('84', 'Toyota');
INSERT INTO `cars`.`brands` (`brandid`, `name`) VALUES ('85', 'Triumph');
INSERT INTO `cars`.`brands` (`brandid`, `name`) VALUES ('86', 'TVR');
INSERT INTO `cars`.`brands` (`brandid`, `name`) VALUES ('87', 'Volkswagen');
INSERT INTO `cars`.`brands` (`brandid`, `name`) VALUES ('88', 'Volvo');
INSERT INTO `cars`.`brands` (`brandid`, `name`) VALUES ('89', 'Yugo');



INSERT INTO `cars`.`type_brand` (`ID`, `typeid`, `brandid`) VALUES ('1', '1', '2');
INSERT INTO `cars`.`type_brand` (`ID`, `typeid`, `brandid`) VALUES ('2', '1', '5');
INSERT INTO `cars`.`type_brand` (`ID`, `typeid`, `brandid`) VALUES ('3', '1', '12');
INSERT INTO `cars`.`type_brand` (`ID`, `typeid`, `brandid`) VALUES ('4', '1', '52');
INSERT INTO `cars`.`type_brand` (`ID`, `typeid`, `brandid`) VALUES ('5', '1', '58');
INSERT INTO `cars`.`type_brand` (`ID`, `typeid`, `brandid`) VALUES ('6', '1', '64');
INSERT INTO `cars`.`type_brand` (`ID`, `typeid`, `brandid`) VALUES ('7', '1', '75');
INSERT INTO `cars`.`type_brand` (`ID`, `typeid`, `brandid`) VALUES ('8', '1', '88');
INSERT INTO `cars`.`type_brand` (`ID`, `typeid`, `brandid`) VALUES ('9', '1', '5');
INSERT INTO `cars`.`type_brand` (`ID`, `typeid`, `brandid`) VALUES ('10', '1', '29');
INSERT INTO `cars`.`type_brand` (`ID`, `typeid`, `brandid`) VALUES ('11', '1', '29');
INSERT INTO `cars`.`type_brand` (`ID`, `typeid`, `brandid`) VALUES ('12', '1', '34');
INSERT INTO `cars`.`type_brand` (`ID`, `typeid`, `brandid`) VALUES ('13', '1', '40');
INSERT INTO `cars`.`type_brand` (`ID`, `typeid`, `brandid`) VALUES ('14', '1', '40');
INSERT INTO `cars`.`type_brand` (`ID`, `typeid`, `brandid`) VALUES ('15', '1', '44');
INSERT INTO `cars`.`type_brand` (`ID`, `typeid`, `brandid`) VALUES ('16', '1', '50');
INSERT INTO `cars`.`type_brand` (`ID`, `typeid`, `brandid`) VALUES ('17', '1', '55');
INSERT INTO `cars`.`type_brand` (`ID`, `typeid`, `brandid`) VALUES ('18', '1', '59');
INSERT INTO `cars`.`type_brand` (`ID`, `typeid`, `brandid`) VALUES ('19', '1', '64');
INSERT INTO `cars`.`type_brand` (`ID`, `typeid`, `brandid`) VALUES ('20', '1', '65');
INSERT INTO `cars`.`type_brand` (`ID`, `typeid`, `brandid`) VALUES ('21', '1', '74');
INSERT INTO `cars`.`type_brand` (`ID`, `typeid`, `brandid`) VALUES ('22', '1', '78');
INSERT INTO `cars`.`type_brand` (`ID`, `typeid`, `brandid`) VALUES ('23', '1', '80');
INSERT INTO `cars`.`type_brand` (`ID`, `typeid`, `brandid`) VALUES ('24', '1', '82');
INSERT INTO `cars`.`type_brand` (`ID`, `typeid`, `brandid`) VALUES ('25', '1', '84');
INSERT INTO `cars`.`type_brand` (`ID`, `typeid`, `brandid`) VALUES ('26', '1', '84');
INSERT INTO `cars`.`type_brand` (`ID`, `typeid`, `brandid`) VALUES ('27', '1', '87');
INSERT INTO `cars`.`type_brand` (`ID`, `typeid`, `brandid`) VALUES ('28', '2', '5');
INSERT INTO `cars`.`type_brand` (`ID`, `typeid`, `brandid`) VALUES ('29', '2', '5');
INSERT INTO `cars`.`type_brand` (`ID`, `typeid`, `brandid`) VALUES ('30', '2', '9');
INSERT INTO `cars`.`type_brand` (`ID`, `typeid`, `brandid`) VALUES ('31', '2', '37');
INSERT INTO `cars`.`type_brand` (`ID`, `typeid`, `brandid`) VALUES ('32', '2', '52');
INSERT INTO `cars`.`type_brand` (`ID`, `typeid`, `brandid`) VALUES ('33', '2', '1');
INSERT INTO `cars`.`type_brand` (`ID`, `typeid`, `brandid`) VALUES ('34', '2', '5');
INSERT INTO `cars`.`type_brand` (`ID`, `typeid`, `brandid`) VALUES ('35', '2', '5');
INSERT INTO `cars`.`type_brand` (`ID`, `typeid`, `brandid`) VALUES ('36', '2', '25');
INSERT INTO `cars`.`type_brand` (`ID`, `typeid`, `brandid`) VALUES ('37', '2', '27');
INSERT INTO `cars`.`type_brand` (`ID`, `typeid`, `brandid`) VALUES ('38', '2', '44');
INSERT INTO `cars`.`type_brand` (`ID`, `typeid`, `brandid`) VALUES ('39', '2', '55');
INSERT INTO `cars`.`type_brand` (`ID`, `typeid`, `brandid`) VALUES ('40', '2', '55');
INSERT INTO `cars`.`type_brand` (`ID`, `typeid`, `brandid`) VALUES ('41', '2', '55');
INSERT INTO `cars`.`type_brand` (`ID`, `typeid`, `brandid`) VALUES ('42', '2', '55');
INSERT INTO `cars`.`type_brand` (`ID`, `typeid`, `brandid`) VALUES ('43', '2', '55');
INSERT INTO `cars`.`type_brand` (`ID`, `typeid`, `brandid`) VALUES ('44', '2', '58');
INSERT INTO `cars`.`type_brand` (`ID`, `typeid`, `brandid`) VALUES ('45', '2', '68');
INSERT INTO `cars`.`type_brand` (`ID`, `typeid`, `brandid`) VALUES ('46', '3', '5');
INSERT INTO `cars`.`type_brand` (`ID`, `typeid`, `brandid`) VALUES ('47', '3', '9');
INSERT INTO `cars`.`type_brand` (`ID`, `typeid`, `brandid`) VALUES ('48', '3', '37');
INSERT INTO `cars`.`type_brand` (`ID`, `typeid`, `brandid`) VALUES ('49', '3', '55');
INSERT INTO `cars`.`type_brand` (`ID`, `typeid`, `brandid`) VALUES ('50', '3', '79');
INSERT INTO `cars`.`type_brand` (`ID`, `typeid`, `brandid`) VALUES ('51', '3', '4');
INSERT INTO `cars`.`type_brand` (`ID`, `typeid`, `brandid`) VALUES ('52', '3', '5');
INSERT INTO `cars`.`type_brand` (`ID`, `typeid`, `brandid`) VALUES ('53', '3', '5');
INSERT INTO `cars`.`type_brand` (`ID`, `typeid`, `brandid`) VALUES ('54', '3', '5');
INSERT INTO `cars`.`type_brand` (`ID`, `typeid`, `brandid`) VALUES ('55', '3', '5');
INSERT INTO `cars`.`type_brand` (`ID`, `typeid`, `brandid`) VALUES ('56', '3', '5');
INSERT INTO `cars`.`type_brand` (`ID`, `typeid`, `brandid`) VALUES ('57', '3', '26');
INSERT INTO `cars`.`type_brand` (`ID`, `typeid`, `brandid`) VALUES ('58', '3', '35');
INSERT INTO `cars`.`type_brand` (`ID`, `typeid`, `brandid`) VALUES ('59', '3', '62');
INSERT INTO `cars`.`type_brand` (`ID`, `typeid`, `brandid`) VALUES ('60', '3', '68');
INSERT INTO `cars`.`type_brand` (`ID`, `typeid`, `brandid`) VALUES ('61', '3', '84');
INSERT INTO `cars`.`type_brand` (`ID`, `typeid`, `brandid`) VALUES ('62', '3', '9');
INSERT INTO `cars`.`type_brand` (`ID`, `typeid`, `brandid`) VALUES ('63', '3', '12');
INSERT INTO `cars`.`type_brand` (`ID`, `typeid`, `brandid`) VALUES ('64', '3', '29');
INSERT INTO `cars`.`type_brand` (`ID`, `typeid`, `brandid`) VALUES ('65', '3', '29');
INSERT INTO `cars`.`type_brand` (`ID`, `typeid`, `brandid`) VALUES ('66', '3', '29');
INSERT INTO `cars`.`type_brand` (`ID`, `typeid`, `brandid`) VALUES ('67', '3', '46');
INSERT INTO `cars`.`type_brand` (`ID`, `typeid`, `brandid`) VALUES ('68', '3', '52');
INSERT INTO `cars`.`type_brand` (`ID`, `typeid`, `brandid`) VALUES ('69', '3', '52');
INSERT INTO `cars`.`type_brand` (`ID`, `typeid`, `brandid`) VALUES ('70', '4', '5');
INSERT INTO `cars`.`type_brand` (`ID`, `typeid`, `brandid`) VALUES ('71', '4', '5');
INSERT INTO `cars`.`type_brand` (`ID`, `typeid`, `brandid`) VALUES ('72', '4', '9');
INSERT INTO `cars`.`type_brand` (`ID`, `typeid`, `brandid`) VALUES ('73', '4', '27');
INSERT INTO `cars`.`type_brand` (`ID`, `typeid`, `brandid`) VALUES ('74', '4', '29');
INSERT INTO `cars`.`type_brand` (`ID`, `typeid`, `brandid`) VALUES ('75', '4', '32');
INSERT INTO `cars`.`type_brand` (`ID`, `typeid`, `brandid`) VALUES ('76', '4', '34');
INSERT INTO `cars`.`type_brand` (`ID`, `typeid`, `brandid`) VALUES ('77', '4', '34');
INSERT INTO `cars`.`type_brand` (`ID`, `typeid`, `brandid`) VALUES ('78', '4', '34');
INSERT INTO `cars`.`type_brand` (`ID`, `typeid`, `brandid`) VALUES ('79', '4', '40');
INSERT INTO `cars`.`type_brand` (`ID`, `typeid`, `brandid`) VALUES ('80', '4', '40');
INSERT INTO `cars`.`type_brand` (`ID`, `typeid`, `brandid`) VALUES ('81', '4', '55');
INSERT INTO `cars`.`type_brand` (`ID`, `typeid`, `brandid`) VALUES ('82', '4', '62');
INSERT INTO `cars`.`type_brand` (`ID`, `typeid`, `brandid`) VALUES ('83', '4', '64');
INSERT INTO `cars`.`type_brand` (`ID`, `typeid`, `brandid`) VALUES ('84', '4', '64');
INSERT INTO `cars`.`type_brand` (`ID`, `typeid`, `brandid`) VALUES ('85', '4', '74');
INSERT INTO `cars`.`type_brand` (`ID`, `typeid`, `brandid`) VALUES ('86', '4', '74');
INSERT INTO `cars`.`type_brand` (`ID`, `typeid`, `brandid`) VALUES ('87', '4', '75');
INSERT INTO `cars`.`type_brand` (`ID`, `typeid`, `brandid`) VALUES ('88', '4', '80');
INSERT INTO `cars`.`type_brand` (`ID`, `typeid`, `brandid`) VALUES ('89', '4', '84');
INSERT INTO `cars`.`type_brand` (`ID`, `typeid`, `brandid`) VALUES ('90', '4', '87');
INSERT INTO `cars`.`type_brand` (`ID`, `typeid`, `brandid`) VALUES ('91', '4', '87');
INSERT INTO `cars`.`type_brand` (`ID`, `typeid`, `brandid`) VALUES ('92', '4', '5');
INSERT INTO `cars`.`type_brand` (`ID`, `typeid`, `brandid`) VALUES ('93', '4', '5');
INSERT INTO `cars`.`type_brand` (`ID`, `typeid`, `brandid`) VALUES ('94', '4', '68');
INSERT INTO `cars`.`type_brand` (`ID`, `typeid`, `brandid`) VALUES ('95', '4', '59');
INSERT INTO `cars`.`type_brand` (`ID`, `typeid`, `brandid`) VALUES ('96', '4', '75');
INSERT INTO `cars`.`type_brand` (`ID`, `typeid`, `brandid`) VALUES ('97', '5', '8');
INSERT INTO `cars`.`type_brand` (`ID`, `typeid`, `brandid`) VALUES ('98', '5', '9');
INSERT INTO `cars`.`type_brand` (`ID`, `typeid`, `brandid`) VALUES ('99', '5', '46');
INSERT INTO `cars`.`type_brand` (`ID`, `typeid`, `brandid`) VALUES ('100', '5', '2');
INSERT INTO `cars`.`type_brand` (`ID`, `typeid`, `brandid`) VALUES ('101', '5', '5');
INSERT INTO `cars`.`type_brand` (`ID`, `typeid`, `brandid`) VALUES ('102', '5', '5');
INSERT INTO `cars`.`type_brand` (`ID`, `typeid`, `brandid`) VALUES ('103', '5', '5');
INSERT INTO `cars`.`type_brand` (`ID`, `typeid`, `brandid`) VALUES ('104', '5', '8');
INSERT INTO `cars`.`type_brand` (`ID`, `typeid`, `brandid`) VALUES ('105', '5', '27');
INSERT INTO `cars`.`type_brand` (`ID`, `typeid`, `brandid`) VALUES ('106', '5', '34');
INSERT INTO `cars`.`type_brand` (`ID`, `typeid`, `brandid`) VALUES ('107', '5', '46');
INSERT INTO `cars`.`type_brand` (`ID`, `typeid`, `brandid`) VALUES ('108', '5', '50');
INSERT INTO `cars`.`type_brand` (`ID`, `typeid`, `brandid`) VALUES ('109', '5', '52');
INSERT INTO `cars`.`type_brand` (`ID`, `typeid`, `brandid`) VALUES ('110', '5', '55');
INSERT INTO `cars`.`type_brand` (`ID`, `typeid`, `brandid`) VALUES ('111', '5', '55');
INSERT INTO `cars`.`type_brand` (`ID`, `typeid`, `brandid`) VALUES ('112', '5', '70');
INSERT INTO `cars`.`type_brand` (`ID`, `typeid`, `brandid`) VALUES ('113', '5', '88');
INSERT INTO `cars`.`type_brand` (`ID`, `typeid`, `brandid`) VALUES ('114', '5', '5');
INSERT INTO `cars`.`type_brand` (`ID`, `typeid`, `brandid`) VALUES ('115', '5', '9');
INSERT INTO `cars`.`type_brand` (`ID`, `typeid`, `brandid`) VALUES ('116', '5', '9');
INSERT INTO `cars`.`type_brand` (`ID`, `typeid`, `brandid`) VALUES ('117', '5', '9');
INSERT INTO `cars`.`type_brand` (`ID`, `typeid`, `brandid`) VALUES ('118', '5', '12');
INSERT INTO `cars`.`type_brand` (`ID`, `typeid`, `brandid`) VALUES ('119', '5', '12');
INSERT INTO `cars`.`type_brand` (`ID`, `typeid`, `brandid`) VALUES ('120', '5', '37');
INSERT INTO `cars`.`type_brand` (`ID`, `typeid`, `brandid`) VALUES ('121', '5', '40');
INSERT INTO `cars`.`type_brand` (`ID`, `typeid`, `brandid`) VALUES ('122', '5', '52');
INSERT INTO `cars`.`type_brand` (`ID`, `typeid`, `brandid`) VALUES ('123', '5', '84');
INSERT INTO `cars`.`type_brand` (`ID`, `typeid`, `brandid`) VALUES ('124', '5', '88');
INSERT INTO `cars`.`type_brand` (`ID`, `typeid`, `brandid`) VALUES ('125', '5', '5');
INSERT INTO `cars`.`type_brand` (`ID`, `typeid`, `brandid`) VALUES ('126', '5', '5');
INSERT INTO `cars`.`type_brand` (`ID`, `typeid`, `brandid`) VALUES ('127', '5', '5');
INSERT INTO `cars`.`type_brand` (`ID`, `typeid`, `brandid`) VALUES ('128', '5', '5');
INSERT INTO `cars`.`type_brand` (`ID`, `typeid`, `brandid`) VALUES ('129', '5', '37');
INSERT INTO `cars`.`type_brand` (`ID`, `typeid`, `brandid`) VALUES ('130', '5', '55');


INSERT INTO `cars`.`models` (`modelid`, `type_brandid`, `name`) VALUES ('1', '1', 'Alfa Romeo Stelvio');
INSERT INTO `cars`.`models` (`modelid`, `type_brandid`, `name`) VALUES ('2', '2', 'Audi Q5');
INSERT INTO `cars`.`models` (`modelid`, `type_brandid`, `name`) VALUES ('3', '3', 'Cadillac XT5');
INSERT INTO `cars`.`models` (`modelid`, `type_brandid`, `name`) VALUES ('4', '4', 'Mazda CX-5');
INSERT INTO `cars`.`models` (`modelid`, `type_brandid`, `name`) VALUES ('5', '5', 'Mini Countryman');
INSERT INTO `cars`.`models` (`modelid`, `type_brandid`, `name`) VALUES ('6', '6', 'Opel Crossland X');
INSERT INTO `cars`.`models` (`modelid`, `type_brandid`, `name`) VALUES ('7', '7', 'Skoda Kodiaq');
INSERT INTO `cars`.`models` (`modelid`, `type_brandid`, `name`) VALUES ('8', '8', 'Volvo XC60');
INSERT INTO `cars`.`models` (`modelid`, `type_brandid`, `name`) VALUES ('9', '9', 'Audi Q2');
INSERT INTO `cars`.`models` (`modelid`, `type_brandid`, `name`) VALUES ('10', '10', 'Ford Edge');
INSERT INTO `cars`.`models` (`modelid`, `type_brandid`, `name`) VALUES ('11', '11', 'Ford Kuga');
INSERT INTO `cars`.`models` (`modelid`, `type_brandid`, `name`) VALUES ('12', '12', 'Hyundai Santa Fe');
INSERT INTO `cars`.`models` (`modelid`, `type_brandid`, `name`) VALUES ('13', '13', 'Kia Niro');
INSERT INTO `cars`.`models` (`modelid`, `type_brandid`, `name`) VALUES ('14', '14', 'Kia Sportage');
INSERT INTO `cars`.`models` (`modelid`, `type_brandid`, `name`) VALUES ('15', '15', 'Land Rover Discovery');
INSERT INTO `cars`.`models` (`modelid`, `type_brandid`, `name`) VALUES ('16', '16', 'Maserati Levante');
INSERT INTO `cars`.`models` (`modelid`, `type_brandid`, `name`) VALUES ('17', '17', 'Mercedes-Benz GLC-class Coupe');
INSERT INTO `cars`.`models` (`modelid`, `type_brandid`, `name`) VALUES ('18', '18', 'Mitsubishi ASX');
INSERT INTO `cars`.`models` (`modelid`, `type_brandid`, `name`) VALUES ('19', '19', 'Opel Mokka X');
INSERT INTO `cars`.`models` (`modelid`, `type_brandid`, `name`) VALUES ('20', '20', 'Peugeot 2008');
INSERT INTO `cars`.`models` (`modelid`, `type_brandid`, `name`) VALUES ('21', '21', 'Seat Ateca');
INSERT INTO `cars`.`models` (`modelid`, `type_brandid`, `name`) VALUES ('22', '22', 'Ssangyong XLV');
INSERT INTO `cars`.`models` (`modelid`, `type_brandid`, `name`) VALUES ('23', '23', 'Suzuki S-Cross');
INSERT INTO `cars`.`models` (`modelid`, `type_brandid`, `name`) VALUES ('24', '24', 'Tesla Model X');
INSERT INTO `cars`.`models` (`modelid`, `type_brandid`, `name`) VALUES ('25', '25', 'Toyota C-HR');
INSERT INTO `cars`.`models` (`modelid`, `type_brandid`, `name`) VALUES ('26', '26', 'Toyota RAV4');
INSERT INTO `cars`.`models` (`modelid`, `type_brandid`, `name`) VALUES ('27', '27', 'Volkswagen Tiguan');
INSERT INTO `cars`.`models` (`modelid`, `type_brandid`, `name`) VALUES ('28', '28', 'Audi A5 Cabriolet');
INSERT INTO `cars`.`models` (`modelid`, `type_brandid`, `name`) VALUES ('29', '29', 'Audi S5 Cabriolet');
INSERT INTO `cars`.`models` (`modelid`, `type_brandid`, `name`) VALUES ('30', '30', 'BMW 4-series Cabrio');
INSERT INTO `cars`.`models` (`modelid`, `type_brandid`, `name`) VALUES ('31', '31', 'Jaguar F-type Convertible');
INSERT INTO `cars`.`models` (`modelid`, `type_brandid`, `name`) VALUES ('32', '32', 'Mazda MX-5 RF');
INSERT INTO `cars`.`models` (`modelid`, `type_brandid`, `name`) VALUES ('33', '33', 'Abarth 124 Spider');
INSERT INTO `cars`.`models` (`modelid`, `type_brandid`, `name`) VALUES ('34', '34', 'Audi A3 Cabriolet');
INSERT INTO `cars`.`models` (`modelid`, `type_brandid`, `name`) VALUES ('35', '35', 'Audi S3 Cabriolet');
INSERT INTO `cars`.`models` (`modelid`, `type_brandid`, `name`) VALUES ('36', '36', 'DS 3 Cabrio');
INSERT INTO `cars`.`models` (`modelid`, `type_brandid`, `name`) VALUES ('37', '37', 'Fiat 124 Spider');
INSERT INTO `cars`.`models` (`modelid`, `type_brandid`, `name`) VALUES ('38', '38', 'Land Rover Range Rover Evoque Convertible');
INSERT INTO `cars`.`models` (`modelid`, `type_brandid`, `name`) VALUES ('39', '39', 'Mercedes-Benz AMG GT Roadster');
INSERT INTO `cars`.`models` (`modelid`, `type_brandid`, `name`) VALUES ('40', '40', 'Mercedes-Benz C-class Cabriolet');
INSERT INTO `cars`.`models` (`modelid`, `type_brandid`, `name`) VALUES ('41', '41', 'Mercedes-Benz S-class Cabriolet');
INSERT INTO `cars`.`models` (`modelid`, `type_brandid`, `name`) VALUES ('42', '42', 'Mercedes-Benz SL-class');
INSERT INTO `cars`.`models` (`modelid`, `type_brandid`, `name`) VALUES ('43', '43', 'Mercedes-Benz SLC-class');
INSERT INTO `cars`.`models` (`modelid`, `type_brandid`, `name`) VALUES ('44', '44', 'Mini Cabrio');
INSERT INTO `cars`.`models` (`modelid`, `type_brandid`, `name`) VALUES ('45', '45', 'Porsche 718 Boxster');
INSERT INTO `cars`.`models` (`modelid`, `type_brandid`, `name`) VALUES ('46', '46', 'Audi A5 Sportback');
INSERT INTO `cars`.`models` (`modelid`, `type_brandid`, `name`) VALUES ('47', '47', 'BMW 4-series Coupe');
INSERT INTO `cars`.`models` (`modelid`, `type_brandid`, `name`) VALUES ('48', '48', 'Jaguar F-type Coupe');
INSERT INTO `cars`.`models` (`modelid`, `type_brandid`, `name`) VALUES ('49', '49', 'Mercedes-Benz E-class Coupe');
INSERT INTO `cars`.`models` (`modelid`, `type_brandid`, `name`) VALUES ('50', '50', 'Subaru BRZ');
INSERT INTO `cars`.`models` (`modelid`, `type_brandid`, `name`) VALUES ('51', '51', 'Aston Martin DB11 Coupe');
INSERT INTO `cars`.`models` (`modelid`, `type_brandid`, `name`) VALUES ('52', '52', 'Audi A5 Coupe');
INSERT INTO `cars`.`models` (`modelid`, `type_brandid`, `name`) VALUES ('53', '53', 'Audi R8');
INSERT INTO `cars`.`models` (`modelid`, `type_brandid`, `name`) VALUES ('54', '54', 'Audi R8 Coupe');
INSERT INTO `cars`.`models` (`modelid`, `type_brandid`, `name`) VALUES ('55', '55', 'Audi R8 Spyder');
INSERT INTO `cars`.`models` (`modelid`, `type_brandid`, `name`) VALUES ('56', '56', 'Audi S5 Coupe');
INSERT INTO `cars`.`models` (`modelid`, `type_brandid`, `name`) VALUES ('57', '57', 'Ferrari GTC4');
INSERT INTO `cars`.`models` (`modelid`, `type_brandid`, `name`) VALUES ('58', '58', 'Infiniti Q60 Coupe');
INSERT INTO `cars`.`models` (`modelid`, `type_brandid`, `name`) VALUES ('59', '59', 'Nissan GT-R');
INSERT INTO `cars`.`models` (`modelid`, `type_brandid`, `name`) VALUES ('60', '60', 'Porsche 718 Cayman');
INSERT INTO `cars`.`models` (`modelid`, `type_brandid`, `name`) VALUES ('61', '61', 'Toyota GT86');
INSERT INTO `cars`.`models` (`modelid`, `type_brandid`, `name`) VALUES ('62', '62', 'BMW 6-series Coupe');
INSERT INTO `cars`.`models` (`modelid`, `type_brandid`, `name`) VALUES ('63', '63', 'Cadillac ATS Coupe');
INSERT INTO `cars`.`models` (`modelid`, `type_brandid`, `name`) VALUES ('64', '64', 'Ferrari 488 GTB');
INSERT INTO `cars`.`models` (`modelid`, `type_brandid`, `name`) VALUES ('65', '65', 'Ford Mustang Convertible');
INSERT INTO `cars`.`models` (`modelid`, `type_brandid`, `name`) VALUES ('66', '66', 'Ford Mustang Fastback');
INSERT INTO `cars`.`models` (`modelid`, `type_brandid`, `name`) VALUES ('67', '67', 'Lexus RC');
INSERT INTO `cars`.`models` (`modelid`, `type_brandid`, `name`) VALUES ('68', '68', 'Mclaren 540');
INSERT INTO `cars`.`models` (`modelid`, `type_brandid`, `name`) VALUES ('69', '69', 'Mclaren 570');
INSERT INTO `cars`.`models` (`modelid`, `type_brandid`, `name`) VALUES ('70', '70', 'Audi A5 Sportback');
INSERT INTO `cars`.`models` (`modelid`, `type_brandid`, `name`) VALUES ('71', '71', 'Audi S5 Sportback');
INSERT INTO `cars`.`models` (`modelid`, `type_brandid`, `name`) VALUES ('72', '72', 'BMW 4-series Gran Coupe');
INSERT INTO `cars`.`models` (`modelid`, `type_brandid`, `name`) VALUES ('73', '73', 'Fiat Tipo');
INSERT INTO `cars`.`models` (`modelid`, `type_brandid`, `name`) VALUES ('74', '74', 'Ford Fiesta');
INSERT INTO `cars`.`models` (`modelid`, `type_brandid`, `name`) VALUES ('75', '75', 'Honda Civic');
INSERT INTO `cars`.`models` (`modelid`, `type_brandid`, `name`) VALUES ('76', '76', 'Hyundai i10');
INSERT INTO `cars`.`models` (`modelid`, `type_brandid`, `name`) VALUES ('77', '77', 'Hyundai i20');
INSERT INTO `cars`.`models` (`modelid`, `type_brandid`, `name`) VALUES ('78', '78', 'Hyundai i30');
INSERT INTO `cars`.`models` (`modelid`, `type_brandid`, `name`) VALUES ('79', '79', 'Kia Picanto');
INSERT INTO `cars`.`models` (`modelid`, `type_brandid`, `name`) VALUES ('80', '80', 'Kia Rio');
INSERT INTO `cars`.`models` (`modelid`, `type_brandid`, `name`) VALUES ('81', '81', 'Mercedes-Benz GLA-class');
INSERT INTO `cars`.`models` (`modelid`, `type_brandid`, `name`) VALUES ('82', '82', 'Nissan Micra');
INSERT INTO `cars`.`models` (`modelid`, `type_brandid`, `name`) VALUES ('83', '83', 'Opel Insignia Grand Sport');
INSERT INTO `cars`.`models` (`modelid`, `type_brandid`, `name`) VALUES ('84', '84', 'Opel Karl Rocks');
INSERT INTO `cars`.`models` (`modelid`, `type_brandid`, `name`) VALUES ('85', '85', 'Seat Leon');
INSERT INTO `cars`.`models` (`modelid`, `type_brandid`, `name`) VALUES ('86', '86', 'Seat Leon SC');
INSERT INTO `cars`.`models` (`modelid`, `type_brandid`, `name`) VALUES ('87', '87', 'Skoda Octavia');
INSERT INTO `cars`.`models` (`modelid`, `type_brandid`, `name`) VALUES ('88', '88', 'Suzuki Swift');
INSERT INTO `cars`.`models` (`modelid`, `type_brandid`, `name`) VALUES ('89', '89', 'Toyota Prius Plug-in Hybrid');
INSERT INTO `cars`.`models` (`modelid`, `type_brandid`, `name`) VALUES ('90', '90', 'Volkswagen e-Golf');
INSERT INTO `cars`.`models` (`modelid`, `type_brandid`, `name`) VALUES ('91', '91', 'Volkswagen Golf');
INSERT INTO `cars`.`models` (`modelid`, `type_brandid`, `name`) VALUES ('92', '92', 'Audi A3');
INSERT INTO `cars`.`models` (`modelid`, `type_brandid`, `name`) VALUES ('93', '93', 'Audi A3 Sportback');
INSERT INTO `cars`.`models` (`modelid`, `type_brandid`, `name`) VALUES ('94', '94', 'Porsche Panamera');
INSERT INTO `cars`.`models` (`modelid`, `type_brandid`, `name`) VALUES ('95', '95', 'Mitsubishi Space Star');
INSERT INTO `cars`.`models` (`modelid`, `type_brandid`, `name`) VALUES ('96', '96', 'Skoda Citigo');
INSERT INTO `cars`.`models` (`modelid`, `type_brandid`, `name`) VALUES ('97', '97', 'Bentley Mulsanne');
INSERT INTO `cars`.`models` (`modelid`, `type_brandid`, `name`) VALUES ('98', '98', 'BMW 5-series');
INSERT INTO `cars`.`models` (`modelid`, `type_brandid`, `name`) VALUES ('99', '99', 'Lexus IS');
INSERT INTO `cars`.`models` (`modelid`, `type_brandid`, `name`) VALUES ('100', '100', 'Alfa Romeo Giulia');
INSERT INTO `cars`.`models` (`modelid`, `type_brandid`, `name`) VALUES ('101', '101', 'Audi A3 Limousine');
INSERT INTO `cars`.`models` (`modelid`, `type_brandid`, `name`) VALUES ('102', '102', 'Audi S3 Limousine');
INSERT INTO `cars`.`models` (`modelid`, `type_brandid`, `name`) VALUES ('103', '103', 'Audi S4');
INSERT INTO `cars`.`models` (`modelid`, `type_brandid`, `name`) VALUES ('104', '104', 'Bentley Bentayga');
INSERT INTO `cars`.`models` (`modelid`, `type_brandid`, `name`) VALUES ('105', '105', 'Fiat Tipo');
INSERT INTO `cars`.`models` (`modelid`, `type_brandid`, `name`) VALUES ('106', '106', 'Hyundai i40');
INSERT INTO `cars`.`models` (`modelid`, `type_brandid`, `name`) VALUES ('107', '107', 'Lexus GS');
INSERT INTO `cars`.`models` (`modelid`, `type_brandid`, `name`) VALUES ('108', '108', 'Maserati Quattroporte');
INSERT INTO `cars`.`models` (`modelid`, `type_brandid`, `name`) VALUES ('109', '109', 'Mazda 3 Sedan');
INSERT INTO `cars`.`models` (`modelid`, `type_brandid`, `name`) VALUES ('110', '110', 'Mercedes-Benz CLA-class Coupe');
INSERT INTO `cars`.`models` (`modelid`, `type_brandid`, `name`) VALUES ('111', '111', 'Mercedes-Benz E-class');
INSERT INTO `cars`.`models` (`modelid`, `type_brandid`, `name`) VALUES ('112', '112', 'Renault Talisman');
INSERT INTO `cars`.`models` (`modelid`, `type_brandid`, `name`) VALUES ('113', '113', 'Volvo S90');
INSERT INTO `cars`.`models` (`modelid`, `type_brandid`, `name`) VALUES ('114', '114', 'Audi A4');
INSERT INTO `cars`.`models` (`modelid`, `type_brandid`, `name`) VALUES ('115', '115', 'BMW 3-series');
INSERT INTO `cars`.`models` (`modelid`, `type_brandid`, `name`) VALUES ('116', '116', 'BMW 6-series Gran Coupe');
INSERT INTO `cars`.`models` (`modelid`, `type_brandid`, `name`) VALUES ('117', '117', 'BMW 7-series');
INSERT INTO `cars`.`models` (`modelid`, `type_brandid`, `name`) VALUES ('118', '118', 'Cadillac CTS');
INSERT INTO `cars`.`models` (`modelid`, `type_brandid`, `name`) VALUES ('119', '119', 'Cadillac CTS');
INSERT INTO `cars`.`models` (`modelid`, `type_brandid`, `name`) VALUES ('120', '120', 'Jaguar XJ');
INSERT INTO `cars`.`models` (`modelid`, `type_brandid`, `name`) VALUES ('121', '121', 'Kia Optima');
INSERT INTO `cars`.`models` (`modelid`, `type_brandid`, `name`) VALUES ('122', '122', 'Mazda 6');
INSERT INTO `cars`.`models` (`modelid`, `type_brandid`, `name`) VALUES ('123', '123', 'Toyota Avensis');
INSERT INTO `cars`.`models` (`modelid`, `type_brandid`, `name`) VALUES ('124', '124', 'Volvo S60 Cross Country');
INSERT INTO `cars`.`models` (`modelid`, `type_brandid`, `name`) VALUES ('125', '125', 'Audi A6');
INSERT INTO `cars`.`models` (`modelid`, `type_brandid`, `name`) VALUES ('126', '126', 'Audi S3 Limousine');
INSERT INTO `cars`.`models` (`modelid`, `type_brandid`, `name`) VALUES ('127', '127', 'Audi S6');
INSERT INTO `cars`.`models` (`modelid`, `type_brandid`, `name`) VALUES ('128', '128', 'Audi S8');
INSERT INTO `cars`.`models` (`modelid`, `type_brandid`, `name`) VALUES ('129', '129', 'Jaguar XE');
INSERT INTO `cars`.`models` (`modelid`, `type_brandid`, `name`) VALUES ('130', '130', 'Mercedes-Benz C-class');


INSERT INTO `cars`.`colorcode` (`ID`, `color`) VALUES ('1', 'Lizstick Red');
INSERT INTO `cars`.`colorcode` (`ID`, `color`) VALUES ('2', 'Mango Orange');
INSERT INTO `cars`.`colorcode` (`ID`, `color`) VALUES ('3', 'Verdoro Green');
INSERT INTO `cars`.`colorcode` (`ID`, `color`) VALUES ('4', 'Liquid Yellow');
INSERT INTO `cars`.`colorcode` (`ID`, `color`) VALUES ('5', 'Beluga Brown');
INSERT INTO `cars`.`colorcode` (`ID`, `color`) VALUES ('6', 'Silver');
INSERT INTO `cars`.`colorcode` (`ID`, `color`) VALUES ('7', 'Black');
INSERT INTO `cars`.`colorcode` (`ID`, `color`) VALUES ('8', 'White');
INSERT INTO `cars`.`colorcode` (`ID`, `color`) VALUES ('9', 'Nardo Grey');
INSERT INTO `cars`.`colorcode` (`ID`, `color`) VALUES ('10', 'Light Brown');
INSERT INTO `cars`.`colorcode` (`ID`, `color`) VALUES ('11', 'Orange');
INSERT INTO `cars`.`colorcode` (`ID`, `color`) VALUES ('12', 'Mustard');
INSERT INTO `cars`.`colorcode` (`ID`, `color`) VALUES ('13', 'Sub-lime');
INSERT INTO `cars`.`colorcode` (`ID`, `color`) VALUES ('14', 'Silver Birch');
INSERT INTO `cars`.`colorcode` (`ID`, `color`) VALUES ('15', 'Guards Red');
INSERT INTO `cars`.`colorcode` (`ID`, `color`) VALUES ('16', 'Rosso Corsa');
INSERT INTO `cars`.`colorcode` (`ID`, `color`) VALUES ('17', 'Norfolk Mustard');
INSERT INTO `cars`.`colorcode` (`ID`, `color`) VALUES ('18', 'Ultimate Green');
INSERT INTO `cars`.`colorcode` (`ID`, `color`) VALUES ('19', 'Estoril Blue');
INSERT INTO `cars`.`colorcode` (`ID`, `color`) VALUES ('20', 'Pink Kong');


INSERT INTO `cars`.`modelcolors` (`ID`, `modelid`, `colorid`) VALUES ('1', '1', '10');
INSERT INTO `cars`.`modelcolors` (`ID`, `modelid`, `colorid`) VALUES ('2', '2', '12');
INSERT INTO `cars`.`modelcolors` (`ID`, `modelid`, `colorid`) VALUES ('3', '3', '1');
INSERT INTO `cars`.`modelcolors` (`ID`, `modelid`, `colorid`) VALUES ('4', '4', '20');
INSERT INTO `cars`.`modelcolors` (`ID`, `modelid`, `colorid`) VALUES ('5', '5', '4');
INSERT INTO `cars`.`modelcolors` (`ID`, `modelid`, `colorid`) VALUES ('6', '6', '15');
INSERT INTO `cars`.`modelcolors` (`ID`, `modelid`, `colorid`) VALUES ('7', '7', '7');
INSERT INTO `cars`.`modelcolors` (`ID`, `modelid`, `colorid`) VALUES ('8', '8', '9');
INSERT INTO `cars`.`modelcolors` (`ID`, `modelid`, `colorid`) VALUES ('9', '9', '12');
INSERT INTO `cars`.`modelcolors` (`ID`, `modelid`, `colorid`) VALUES ('10', '10', '19');
INSERT INTO `cars`.`modelcolors` (`ID`, `modelid`, `colorid`) VALUES ('11', '11', '10');
INSERT INTO `cars`.`modelcolors` (`ID`, `modelid`, `colorid`) VALUES ('12', '12', '4');
INSERT INTO `cars`.`modelcolors` (`ID`, `modelid`, `colorid`) VALUES ('13', '13', '10');
INSERT INTO `cars`.`modelcolors` (`ID`, `modelid`, `colorid`) VALUES ('14', '14', '17');
INSERT INTO `cars`.`modelcolors` (`ID`, `modelid`, `colorid`) VALUES ('15', '15', '9');
INSERT INTO `cars`.`modelcolors` (`ID`, `modelid`, `colorid`) VALUES ('16', '16', '16');
INSERT INTO `cars`.`modelcolors` (`ID`, `modelid`, `colorid`) VALUES ('17', '17', '1');
INSERT INTO `cars`.`modelcolors` (`ID`, `modelid`, `colorid`) VALUES ('18', '18', '8');
INSERT INTO `cars`.`modelcolors` (`ID`, `modelid`, `colorid`) VALUES ('19', '19', '13');
INSERT INTO `cars`.`modelcolors` (`ID`, `modelid`, `colorid`) VALUES ('20', '20', '10');
INSERT INTO `cars`.`modelcolors` (`ID`, `modelid`, `colorid`) VALUES ('21', '21', '1');
INSERT INTO `cars`.`modelcolors` (`ID`, `modelid`, `colorid`) VALUES ('22', '22', '14');
INSERT INTO `cars`.`modelcolors` (`ID`, `modelid`, `colorid`) VALUES ('23', '23', '16');
INSERT INTO `cars`.`modelcolors` (`ID`, `modelid`, `colorid`) VALUES ('24', '24', '10');
INSERT INTO `cars`.`modelcolors` (`ID`, `modelid`, `colorid`) VALUES ('25', '25', '8');
INSERT INTO `cars`.`modelcolors` (`ID`, `modelid`, `colorid`) VALUES ('26', '26', '16');
INSERT INTO `cars`.`modelcolors` (`ID`, `modelid`, `colorid`) VALUES ('27', '27', '17');
INSERT INTO `cars`.`modelcolors` (`ID`, `modelid`, `colorid`) VALUES ('28', '28', '16');
INSERT INTO `cars`.`modelcolors` (`ID`, `modelid`, `colorid`) VALUES ('29', '29', '18');
INSERT INTO `cars`.`modelcolors` (`ID`, `modelid`, `colorid`) VALUES ('30', '30', '20');
INSERT INTO `cars`.`modelcolors` (`ID`, `modelid`, `colorid`) VALUES ('31', '31', '8');
INSERT INTO `cars`.`modelcolors` (`ID`, `modelid`, `colorid`) VALUES ('32', '32', '14');
INSERT INTO `cars`.`modelcolors` (`ID`, `modelid`, `colorid`) VALUES ('33', '33', '14');
INSERT INTO `cars`.`modelcolors` (`ID`, `modelid`, `colorid`) VALUES ('34', '34', '18');
INSERT INTO `cars`.`modelcolors` (`ID`, `modelid`, `colorid`) VALUES ('35', '35', '4');
INSERT INTO `cars`.`modelcolors` (`ID`, `modelid`, `colorid`) VALUES ('36', '36', '20');
INSERT INTO `cars`.`modelcolors` (`ID`, `modelid`, `colorid`) VALUES ('37', '37', '5');
INSERT INTO `cars`.`modelcolors` (`ID`, `modelid`, `colorid`) VALUES ('38', '38', '5');
INSERT INTO `cars`.`modelcolors` (`ID`, `modelid`, `colorid`) VALUES ('39', '39', '20');
INSERT INTO `cars`.`modelcolors` (`ID`, `modelid`, `colorid`) VALUES ('40', '40', '10');
INSERT INTO `cars`.`modelcolors` (`ID`, `modelid`, `colorid`) VALUES ('41', '41', '11');
INSERT INTO `cars`.`modelcolors` (`ID`, `modelid`, `colorid`) VALUES ('42', '42', '14');
INSERT INTO `cars`.`modelcolors` (`ID`, `modelid`, `colorid`) VALUES ('43', '43', '10');
INSERT INTO `cars`.`modelcolors` (`ID`, `modelid`, `colorid`) VALUES ('44', '44', '6');
INSERT INTO `cars`.`modelcolors` (`ID`, `modelid`, `colorid`) VALUES ('45', '45', '16');
INSERT INTO `cars`.`modelcolors` (`ID`, `modelid`, `colorid`) VALUES ('46', '46', '2');
INSERT INTO `cars`.`modelcolors` (`ID`, `modelid`, `colorid`) VALUES ('47', '47', '8');
INSERT INTO `cars`.`modelcolors` (`ID`, `modelid`, `colorid`) VALUES ('48', '48', '11');
INSERT INTO `cars`.`modelcolors` (`ID`, `modelid`, `colorid`) VALUES ('49', '49', '15');
INSERT INTO `cars`.`modelcolors` (`ID`, `modelid`, `colorid`) VALUES ('50', '50', '2');
INSERT INTO `cars`.`modelcolors` (`ID`, `modelid`, `colorid`) VALUES ('51', '51', '12');
INSERT INTO `cars`.`modelcolors` (`ID`, `modelid`, `colorid`) VALUES ('52', '52', '3');
INSERT INTO `cars`.`modelcolors` (`ID`, `modelid`, `colorid`) VALUES ('53', '53', '19');
INSERT INTO `cars`.`modelcolors` (`ID`, `modelid`, `colorid`) VALUES ('54', '54', '20');
INSERT INTO `cars`.`modelcolors` (`ID`, `modelid`, `colorid`) VALUES ('55', '55', '17');
INSERT INTO `cars`.`modelcolors` (`ID`, `modelid`, `colorid`) VALUES ('56', '56', '10');
INSERT INTO `cars`.`modelcolors` (`ID`, `modelid`, `colorid`) VALUES ('57', '57', '16');
INSERT INTO `cars`.`modelcolors` (`ID`, `modelid`, `colorid`) VALUES ('58', '58', '13');
INSERT INTO `cars`.`modelcolors` (`ID`, `modelid`, `colorid`) VALUES ('59', '59', '5');
INSERT INTO `cars`.`modelcolors` (`ID`, `modelid`, `colorid`) VALUES ('60', '60', '2');
INSERT INTO `cars`.`modelcolors` (`ID`, `modelid`, `colorid`) VALUES ('61', '61', '17');
INSERT INTO `cars`.`modelcolors` (`ID`, `modelid`, `colorid`) VALUES ('62', '62', '5');
INSERT INTO `cars`.`modelcolors` (`ID`, `modelid`, `colorid`) VALUES ('63', '63', '20');
INSERT INTO `cars`.`modelcolors` (`ID`, `modelid`, `colorid`) VALUES ('64', '64', '14');
INSERT INTO `cars`.`modelcolors` (`ID`, `modelid`, `colorid`) VALUES ('65', '65', '1');
INSERT INTO `cars`.`modelcolors` (`ID`, `modelid`, `colorid`) VALUES ('66', '66', '15');
INSERT INTO `cars`.`modelcolors` (`ID`, `modelid`, `colorid`) VALUES ('67', '67', '15');
INSERT INTO `cars`.`modelcolors` (`ID`, `modelid`, `colorid`) VALUES ('68', '68', '3');
INSERT INTO `cars`.`modelcolors` (`ID`, `modelid`, `colorid`) VALUES ('69', '69', '1');
INSERT INTO `cars`.`modelcolors` (`ID`, `modelid`, `colorid`) VALUES ('70', '70', '10');
INSERT INTO `cars`.`modelcolors` (`ID`, `modelid`, `colorid`) VALUES ('71', '71', '16');
INSERT INTO `cars`.`modelcolors` (`ID`, `modelid`, `colorid`) VALUES ('72', '72', '4');
INSERT INTO `cars`.`modelcolors` (`ID`, `modelid`, `colorid`) VALUES ('73', '73', '4');
INSERT INTO `cars`.`modelcolors` (`ID`, `modelid`, `colorid`) VALUES ('74', '74', '12');
INSERT INTO `cars`.`modelcolors` (`ID`, `modelid`, `colorid`) VALUES ('75', '75', '11');
INSERT INTO `cars`.`modelcolors` (`ID`, `modelid`, `colorid`) VALUES ('76', '76', '11');
INSERT INTO `cars`.`modelcolors` (`ID`, `modelid`, `colorid`) VALUES ('77', '77', '17');
INSERT INTO `cars`.`modelcolors` (`ID`, `modelid`, `colorid`) VALUES ('78', '78', '19');
INSERT INTO `cars`.`modelcolors` (`ID`, `modelid`, `colorid`) VALUES ('79', '79', '10');
INSERT INTO `cars`.`modelcolors` (`ID`, `modelid`, `colorid`) VALUES ('80', '80', '6');
INSERT INTO `cars`.`modelcolors` (`ID`, `modelid`, `colorid`) VALUES ('81', '81', '20');
INSERT INTO `cars`.`modelcolors` (`ID`, `modelid`, `colorid`) VALUES ('82', '82', '20');
INSERT INTO `cars`.`modelcolors` (`ID`, `modelid`, `colorid`) VALUES ('83', '83', '1');
INSERT INTO `cars`.`modelcolors` (`ID`, `modelid`, `colorid`) VALUES ('84', '84', '7');
INSERT INTO `cars`.`modelcolors` (`ID`, `modelid`, `colorid`) VALUES ('85', '85', '15');
INSERT INTO `cars`.`modelcolors` (`ID`, `modelid`, `colorid`) VALUES ('86', '86', '8');
INSERT INTO `cars`.`modelcolors` (`ID`, `modelid`, `colorid`) VALUES ('87', '87', '12');
INSERT INTO `cars`.`modelcolors` (`ID`, `modelid`, `colorid`) VALUES ('88', '88', '11');
INSERT INTO `cars`.`modelcolors` (`ID`, `modelid`, `colorid`) VALUES ('89', '89', '1');
INSERT INTO `cars`.`modelcolors` (`ID`, `modelid`, `colorid`) VALUES ('90', '90', '11');
INSERT INTO `cars`.`modelcolors` (`ID`, `modelid`, `colorid`) VALUES ('91', '91', '1');
INSERT INTO `cars`.`modelcolors` (`ID`, `modelid`, `colorid`) VALUES ('92', '92', '9');
INSERT INTO `cars`.`modelcolors` (`ID`, `modelid`, `colorid`) VALUES ('93', '93', '19');
INSERT INTO `cars`.`modelcolors` (`ID`, `modelid`, `colorid`) VALUES ('94', '94', '9');
INSERT INTO `cars`.`modelcolors` (`ID`, `modelid`, `colorid`) VALUES ('95', '95', '8');
INSERT INTO `cars`.`modelcolors` (`ID`, `modelid`, `colorid`) VALUES ('96', '96', '13');
INSERT INTO `cars`.`modelcolors` (`ID`, `modelid`, `colorid`) VALUES ('97', '97', '17');
INSERT INTO `cars`.`modelcolors` (`ID`, `modelid`, `colorid`) VALUES ('98', '98', '6');
INSERT INTO `cars`.`modelcolors` (`ID`, `modelid`, `colorid`) VALUES ('99', '99', '16');
INSERT INTO `cars`.`modelcolors` (`ID`, `modelid`, `colorid`) VALUES ('100', '100', '2');
INSERT INTO `cars`.`modelcolors` (`ID`, `modelid`, `colorid`) VALUES ('101', '101', '13');
INSERT INTO `cars`.`modelcolors` (`ID`, `modelid`, `colorid`) VALUES ('102', '102', '12');
INSERT INTO `cars`.`modelcolors` (`ID`, `modelid`, `colorid`) VALUES ('103', '103', '17');
INSERT INTO `cars`.`modelcolors` (`ID`, `modelid`, `colorid`) VALUES ('104', '104', '15');
INSERT INTO `cars`.`modelcolors` (`ID`, `modelid`, `colorid`) VALUES ('105', '105', '17');
INSERT INTO `cars`.`modelcolors` (`ID`, `modelid`, `colorid`) VALUES ('106', '106', '18');
INSERT INTO `cars`.`modelcolors` (`ID`, `modelid`, `colorid`) VALUES ('107', '107', '14');
INSERT INTO `cars`.`modelcolors` (`ID`, `modelid`, `colorid`) VALUES ('108', '108', '2');
INSERT INTO `cars`.`modelcolors` (`ID`, `modelid`, `colorid`) VALUES ('109', '109', '13');
INSERT INTO `cars`.`modelcolors` (`ID`, `modelid`, `colorid`) VALUES ('110', '110', '1');
INSERT INTO `cars`.`modelcolors` (`ID`, `modelid`, `colorid`) VALUES ('111', '111', '17');
INSERT INTO `cars`.`modelcolors` (`ID`, `modelid`, `colorid`) VALUES ('112', '112', '4');
INSERT INTO `cars`.`modelcolors` (`ID`, `modelid`, `colorid`) VALUES ('113', '113', '19');
INSERT INTO `cars`.`modelcolors` (`ID`, `modelid`, `colorid`) VALUES ('114', '114', '15');
INSERT INTO `cars`.`modelcolors` (`ID`, `modelid`, `colorid`) VALUES ('115', '115', '6');
INSERT INTO `cars`.`modelcolors` (`ID`, `modelid`, `colorid`) VALUES ('116', '116', '12');
INSERT INTO `cars`.`modelcolors` (`ID`, `modelid`, `colorid`) VALUES ('117', '117', '1');
INSERT INTO `cars`.`modelcolors` (`ID`, `modelid`, `colorid`) VALUES ('118', '118', '5');
INSERT INTO `cars`.`modelcolors` (`ID`, `modelid`, `colorid`) VALUES ('119', '119', '10');
INSERT INTO `cars`.`modelcolors` (`ID`, `modelid`, `colorid`) VALUES ('120', '120', '11');
INSERT INTO `cars`.`modelcolors` (`ID`, `modelid`, `colorid`) VALUES ('121', '121', '20');
INSERT INTO `cars`.`modelcolors` (`ID`, `modelid`, `colorid`) VALUES ('122', '122', '13');
INSERT INTO `cars`.`modelcolors` (`ID`, `modelid`, `colorid`) VALUES ('123', '123', '7');
INSERT INTO `cars`.`modelcolors` (`ID`, `modelid`, `colorid`) VALUES ('124', '124', '20');
INSERT INTO `cars`.`modelcolors` (`ID`, `modelid`, `colorid`) VALUES ('125', '125', '11');
INSERT INTO `cars`.`modelcolors` (`ID`, `modelid`, `colorid`) VALUES ('126', '126', '17');
INSERT INTO `cars`.`modelcolors` (`ID`, `modelid`, `colorid`) VALUES ('127', '127', '13');
INSERT INTO `cars`.`modelcolors` (`ID`, `modelid`, `colorid`) VALUES ('128', '128', '11');
INSERT INTO `cars`.`modelcolors` (`ID`, `modelid`, `colorid`) VALUES ('129', '129', '16');
INSERT INTO `cars`.`modelcolors` (`ID`, `modelid`, `colorid`) VALUES ('130', '130', '14');
INSERT INTO `cars`.`modelcolors` (`ID`, `modelid`, `colorid`) VALUES ('131', '25', '7');
INSERT INTO `cars`.`modelcolors` (`ID`, `modelid`, `colorid`) VALUES ('132', '12', '3');
INSERT INTO `cars`.`modelcolors` (`ID`, `modelid`, `colorid`) VALUES ('133', '15', '19');
INSERT INTO `cars`.`modelcolors` (`ID`, `modelid`, `colorid`) VALUES ('134', '78', '10');
INSERT INTO `cars`.`modelcolors` (`ID`, `modelid`, `colorid`) VALUES ('135', '122', '2');
INSERT INTO `cars`.`modelcolors` (`ID`, `modelid`, `colorid`) VALUES ('136', '82', '13');
INSERT INTO `cars`.`modelcolors` (`ID`, `modelid`, `colorid`) VALUES ('137', '54', '15');
INSERT INTO `cars`.`modelcolors` (`ID`, `modelid`, `colorid`) VALUES ('138', '100', '19');
INSERT INTO `cars`.`modelcolors` (`ID`, `modelid`, `colorid`) VALUES ('139', '11', '3');
INSERT INTO `cars`.`modelcolors` (`ID`, `modelid`, `colorid`) VALUES ('140', '109', '7');
INSERT INTO `cars`.`modelcolors` (`ID`, `modelid`, `colorid`) VALUES ('141', '51', '8');
INSERT INTO `cars`.`modelcolors` (`ID`, `modelid`, `colorid`) VALUES ('142', '67', '17');
INSERT INTO `cars`.`modelcolors` (`ID`, `modelid`, `colorid`) VALUES ('143', '70', '8');
INSERT INTO `cars`.`modelcolors` (`ID`, `modelid`, `colorid`) VALUES ('144', '76', '19');
INSERT INTO `cars`.`modelcolors` (`ID`, `modelid`, `colorid`) VALUES ('145', '74', '4');
INSERT INTO `cars`.`modelcolors` (`ID`, `modelid`, `colorid`) VALUES ('146', '102', '15');
INSERT INTO `cars`.`modelcolors` (`ID`, `modelid`, `colorid`) VALUES ('147', '23', '14');
INSERT INTO `cars`.`modelcolors` (`ID`, `modelid`, `colorid`) VALUES ('148', '28', '9');
INSERT INTO `cars`.`modelcolors` (`ID`, `modelid`, `colorid`) VALUES ('149', '15', '2');
INSERT INTO `cars`.`modelcolors` (`ID`, `modelid`, `colorid`) VALUES ('150', '57', '6');
INSERT INTO `cars`.`modelcolors` (`ID`, `modelid`, `colorid`) VALUES ('151', '50', '16');
INSERT INTO `cars`.`modelcolors` (`ID`, `modelid`, `colorid`) VALUES ('152', '35', '1');
INSERT INTO `cars`.`modelcolors` (`ID`, `modelid`, `colorid`) VALUES ('153', '70', '9');
INSERT INTO `cars`.`modelcolors` (`ID`, `modelid`, `colorid`) VALUES ('154', '122', '3');
INSERT INTO `cars`.`modelcolors` (`ID`, `modelid`, `colorid`) VALUES ('155', '45', '12');
INSERT INTO `cars`.`modelcolors` (`ID`, `modelid`, `colorid`) VALUES ('156', '117', '16');
INSERT INTO `cars`.`modelcolors` (`ID`, `modelid`, `colorid`) VALUES ('157', '83', '11');
INSERT INTO `cars`.`modelcolors` (`ID`, `modelid`, `colorid`) VALUES ('158', '119', '10');
INSERT INTO `cars`.`modelcolors` (`ID`, `modelid`, `colorid`) VALUES ('159', '128', '20');
INSERT INTO `cars`.`modelcolors` (`ID`, `modelid`, `colorid`) VALUES ('160', '71', '13');
INSERT INTO `cars`.`modelcolors` (`ID`, `modelid`, `colorid`) VALUES ('161', '16', '4');
INSERT INTO `cars`.`modelcolors` (`ID`, `modelid`, `colorid`) VALUES ('162', '8', '1');
INSERT INTO `cars`.`modelcolors` (`ID`, `modelid`, `colorid`) VALUES ('163', '6', '9');
INSERT INTO `cars`.`modelcolors` (`ID`, `modelid`, `colorid`) VALUES ('164', '37', '13');
INSERT INTO `cars`.`modelcolors` (`ID`, `modelid`, `colorid`) VALUES ('165', '114', '6');
INSERT INTO `cars`.`modelcolors` (`ID`, `modelid`, `colorid`) VALUES ('166', '12', '12');
INSERT INTO `cars`.`modelcolors` (`ID`, `modelid`, `colorid`) VALUES ('167', '34', '18');
INSERT INTO `cars`.`modelcolors` (`ID`, `modelid`, `colorid`) VALUES ('168', '82', '9');
INSERT INTO `cars`.`modelcolors` (`ID`, `modelid`, `colorid`) VALUES ('169', '66', '11');
INSERT INTO `cars`.`modelcolors` (`ID`, `modelid`, `colorid`) VALUES ('170', '9', '7');
INSERT INTO `cars`.`modelcolors` (`ID`, `modelid`, `colorid`) VALUES ('171', '1', '4');
INSERT INTO `cars`.`modelcolors` (`ID`, `modelid`, `colorid`) VALUES ('172', '5', '8');
INSERT INTO `cars`.`modelcolors` (`ID`, `modelid`, `colorid`) VALUES ('173', '34', '15');
INSERT INTO `cars`.`modelcolors` (`ID`, `modelid`, `colorid`) VALUES ('174', '89', '14');
INSERT INTO `cars`.`modelcolors` (`ID`, `modelid`, `colorid`) VALUES ('175', '79', '14');
INSERT INTO `cars`.`modelcolors` (`ID`, `modelid`, `colorid`) VALUES ('176', '91', '10');
INSERT INTO `cars`.`modelcolors` (`ID`, `modelid`, `colorid`) VALUES ('177', '57', '9');
INSERT INTO `cars`.`modelcolors` (`ID`, `modelid`, `colorid`) VALUES ('178', '98', '3');
INSERT INTO `cars`.`modelcolors` (`ID`, `modelid`, `colorid`) VALUES ('179', '31', '19');
INSERT INTO `cars`.`modelcolors` (`ID`, `modelid`, `colorid`) VALUES ('180', '75', '20');
INSERT INTO `cars`.`modelcolors` (`ID`, `modelid`, `colorid`) VALUES ('181', '81', '18');
INSERT INTO `cars`.`modelcolors` (`ID`, `modelid`, `colorid`) VALUES ('182', '78', '19');
INSERT INTO `cars`.`modelcolors` (`ID`, `modelid`, `colorid`) VALUES ('183', '28', '7');
INSERT INTO `cars`.`modelcolors` (`ID`, `modelid`, `colorid`) VALUES ('184', '6', '2');
INSERT INTO `cars`.`modelcolors` (`ID`, `modelid`, `colorid`) VALUES ('185', '14', '14');
INSERT INTO `cars`.`modelcolors` (`ID`, `modelid`, `colorid`) VALUES ('186', '56', '3');
INSERT INTO `cars`.`modelcolors` (`ID`, `modelid`, `colorid`) VALUES ('187', '67', '11');
INSERT INTO `cars`.`modelcolors` (`ID`, `modelid`, `colorid`) VALUES ('188', '98', '9');
INSERT INTO `cars`.`modelcolors` (`ID`, `modelid`, `colorid`) VALUES ('189', '57', '13');
INSERT INTO `cars`.`modelcolors` (`ID`, `modelid`, `colorid`) VALUES ('190', '94', '2');
INSERT INTO `cars`.`modelcolors` (`ID`, `modelid`, `colorid`) VALUES ('191', '108', '13');
INSERT INTO `cars`.`modelcolors` (`ID`, `modelid`, `colorid`) VALUES ('192', '74', '9');
INSERT INTO `cars`.`modelcolors` (`ID`, `modelid`, `colorid`) VALUES ('193', '17', '15');
INSERT INTO `cars`.`modelcolors` (`ID`, `modelid`, `colorid`) VALUES ('194', '107', '5');
INSERT INTO `cars`.`modelcolors` (`ID`, `modelid`, `colorid`) VALUES ('195', '123', '12');
INSERT INTO `cars`.`modelcolors` (`ID`, `modelid`, `colorid`) VALUES ('196', '71', '18');
INSERT INTO `cars`.`modelcolors` (`ID`, `modelid`, `colorid`) VALUES ('197', '71', '7');
INSERT INTO `cars`.`modelcolors` (`ID`, `modelid`, `colorid`) VALUES ('198', '8', '12');
INSERT INTO `cars`.`modelcolors` (`ID`, `modelid`, `colorid`) VALUES ('199', '42', '18');
INSERT INTO `cars`.`modelcolors` (`ID`, `modelid`, `colorid`) VALUES ('200', '129', '6');
INSERT INTO `cars`.`modelcolors` (`ID`, `modelid`, `colorid`) VALUES ('201', '106', '12');
INSERT INTO `cars`.`modelcolors` (`ID`, `modelid`, `colorid`) VALUES ('202', '15', '9');
INSERT INTO `cars`.`modelcolors` (`ID`, `modelid`, `colorid`) VALUES ('203', '75', '11');
INSERT INTO `cars`.`modelcolors` (`ID`, `modelid`, `colorid`) VALUES ('204', '119', '1');
INSERT INTO `cars`.`modelcolors` (`ID`, `modelid`, `colorid`) VALUES ('205', '55', '19');
INSERT INTO `cars`.`modelcolors` (`ID`, `modelid`, `colorid`) VALUES ('206', '39', '8');
INSERT INTO `cars`.`modelcolors` (`ID`, `modelid`, `colorid`) VALUES ('207', '106', '5');
INSERT INTO `cars`.`modelcolors` (`ID`, `modelid`, `colorid`) VALUES ('208', '47', '13');
INSERT INTO `cars`.`modelcolors` (`ID`, `modelid`, `colorid`) VALUES ('209', '43', '4');
INSERT INTO `cars`.`modelcolors` (`ID`, `modelid`, `colorid`) VALUES ('210', '77', '17');
INSERT INTO `cars`.`modelcolors` (`ID`, `modelid`, `colorid`) VALUES ('211', '34', '20');
INSERT INTO `cars`.`modelcolors` (`ID`, `modelid`, `colorid`) VALUES ('212', '99', '13');
INSERT INTO `cars`.`modelcolors` (`ID`, `modelid`, `colorid`) VALUES ('213', '17', '2');
INSERT INTO `cars`.`modelcolors` (`ID`, `modelid`, `colorid`) VALUES ('214', '63', '10');
INSERT INTO `cars`.`modelcolors` (`ID`, `modelid`, `colorid`) VALUES ('215', '106', '17');
INSERT INTO `cars`.`modelcolors` (`ID`, `modelid`, `colorid`) VALUES ('216', '97', '1');
INSERT INTO `cars`.`modelcolors` (`ID`, `modelid`, `colorid`) VALUES ('217', '86', '7');
INSERT INTO `cars`.`modelcolors` (`ID`, `modelid`, `colorid`) VALUES ('218', '107', '3');
INSERT INTO `cars`.`modelcolors` (`ID`, `modelid`, `colorid`) VALUES ('219', '1', '9');
INSERT INTO `cars`.`modelcolors` (`ID`, `modelid`, `colorid`) VALUES ('220', '46', '12');
INSERT INTO `cars`.`modelcolors` (`ID`, `modelid`, `colorid`) VALUES ('221', '50', '20');
INSERT INTO `cars`.`modelcolors` (`ID`, `modelid`, `colorid`) VALUES ('222', '83', '10');
INSERT INTO `cars`.`modelcolors` (`ID`, `modelid`, `colorid`) VALUES ('223', '100', '4');
INSERT INTO `cars`.`modelcolors` (`ID`, `modelid`, `colorid`) VALUES ('224', '18', '6');
INSERT INTO `cars`.`modelcolors` (`ID`, `modelid`, `colorid`) VALUES ('225', '17', '12');
INSERT INTO `cars`.`modelcolors` (`ID`, `modelid`, `colorid`) VALUES ('226', '71', '17');
INSERT INTO `cars`.`modelcolors` (`ID`, `modelid`, `colorid`) VALUES ('227', '34', '11');
INSERT INTO `cars`.`modelcolors` (`ID`, `modelid`, `colorid`) VALUES ('228', '56', '13');
INSERT INTO `cars`.`modelcolors` (`ID`, `modelid`, `colorid`) VALUES ('229', '36', '4');
INSERT INTO `cars`.`modelcolors` (`ID`, `modelid`, `colorid`) VALUES ('230', '47', '18');
INSERT INTO `cars`.`modelcolors` (`ID`, `modelid`, `colorid`) VALUES ('231', '41', '14');
INSERT INTO `cars`.`modelcolors` (`ID`, `modelid`, `colorid`) VALUES ('232', '1', '17');
INSERT INTO `cars`.`modelcolors` (`ID`, `modelid`, `colorid`) VALUES ('233', '50', '10');
INSERT INTO `cars`.`modelcolors` (`ID`, `modelid`, `colorid`) VALUES ('234', '3', '11');
INSERT INTO `cars`.`modelcolors` (`ID`, `modelid`, `colorid`) VALUES ('235', '85', '18');
INSERT INTO `cars`.`modelcolors` (`ID`, `modelid`, `colorid`) VALUES ('236', '65', '4');
INSERT INTO `cars`.`modelcolors` (`ID`, `modelid`, `colorid`) VALUES ('237', '47', '13');
INSERT INTO `cars`.`modelcolors` (`ID`, `modelid`, `colorid`) VALUES ('238', '95', '20');
INSERT INTO `cars`.`modelcolors` (`ID`, `modelid`, `colorid`) VALUES ('239', '92', '20');
INSERT INTO `cars`.`modelcolors` (`ID`, `modelid`, `colorid`) VALUES ('240', '40', '7');
INSERT INTO `cars`.`modelcolors` (`ID`, `modelid`, `colorid`) VALUES ('241', '76', '15');
INSERT INTO `cars`.`modelcolors` (`ID`, `modelid`, `colorid`) VALUES ('242', '12', '2');
INSERT INTO `cars`.`modelcolors` (`ID`, `modelid`, `colorid`) VALUES ('243', '27', '8');
INSERT INTO `cars`.`modelcolors` (`ID`, `modelid`, `colorid`) VALUES ('244', '130', '9');
INSERT INTO `cars`.`modelcolors` (`ID`, `modelid`, `colorid`) VALUES ('245', '89', '3');
INSERT INTO `cars`.`modelcolors` (`ID`, `modelid`, `colorid`) VALUES ('246', '76', '17');
INSERT INTO `cars`.`modelcolors` (`ID`, `modelid`, `colorid`) VALUES ('247', '41', '17');
INSERT INTO `cars`.`modelcolors` (`ID`, `modelid`, `colorid`) VALUES ('248', '77', '8');
INSERT INTO `cars`.`modelcolors` (`ID`, `modelid`, `colorid`) VALUES ('249', '121', '4');
INSERT INTO `cars`.`modelcolors` (`ID`, `modelid`, `colorid`) VALUES ('250', '11', '13');
INSERT INTO `cars`.`modelcolors` (`ID`, `modelid`, `colorid`) VALUES ('251', '126', '5');
INSERT INTO `cars`.`modelcolors` (`ID`, `modelid`, `colorid`) VALUES ('252', '129', '20');
INSERT INTO `cars`.`modelcolors` (`ID`, `modelid`, `colorid`) VALUES ('253', '28', '2');
INSERT INTO `cars`.`modelcolors` (`ID`, `modelid`, `colorid`) VALUES ('254', '114', '13');
INSERT INTO `cars`.`modelcolors` (`ID`, `modelid`, `colorid`) VALUES ('255', '66', '12');
INSERT INTO `cars`.`modelcolors` (`ID`, `modelid`, `colorid`) VALUES ('256', '104', '13');
INSERT INTO `cars`.`modelcolors` (`ID`, `modelid`, `colorid`) VALUES ('257', '74', '20');
INSERT INTO `cars`.`modelcolors` (`ID`, `modelid`, `colorid`) VALUES ('258', '110', '3');
INSERT INTO `cars`.`modelcolors` (`ID`, `modelid`, `colorid`) VALUES ('259', '121', '10');
INSERT INTO `cars`.`modelcolors` (`ID`, `modelid`, `colorid`) VALUES ('260', '104', '5');
INSERT INTO `cars`.`modelcolors` (`ID`, `modelid`, `colorid`) VALUES ('261', '2', '14');
INSERT INTO `cars`.`modelcolors` (`ID`, `modelid`, `colorid`) VALUES ('262', '122', '20');
INSERT INTO `cars`.`modelcolors` (`ID`, `modelid`, `colorid`) VALUES ('263', '83', '10');
INSERT INTO `cars`.`modelcolors` (`ID`, `modelid`, `colorid`) VALUES ('264', '124', '17');
INSERT INTO `cars`.`modelcolors` (`ID`, `modelid`, `colorid`) VALUES ('265', '80', '11');
INSERT INTO `cars`.`modelcolors` (`ID`, `modelid`, `colorid`) VALUES ('266', '90', '3');
INSERT INTO `cars`.`modelcolors` (`ID`, `modelid`, `colorid`) VALUES ('267', '104', '13');
INSERT INTO `cars`.`modelcolors` (`ID`, `modelid`, `colorid`) VALUES ('268', '38', '19');
INSERT INTO `cars`.`modelcolors` (`ID`, `modelid`, `colorid`) VALUES ('269', '31', '4');
INSERT INTO `cars`.`modelcolors` (`ID`, `modelid`, `colorid`) VALUES ('270', '110', '2');
INSERT INTO `cars`.`modelcolors` (`ID`, `modelid`, `colorid`) VALUES ('271', '22', '9');
INSERT INTO `cars`.`modelcolors` (`ID`, `modelid`, `colorid`) VALUES ('272', '13', '10');
INSERT INTO `cars`.`modelcolors` (`ID`, `modelid`, `colorid`) VALUES ('273', '119', '2');
INSERT INTO `cars`.`modelcolors` (`ID`, `modelid`, `colorid`) VALUES ('274', '6', '11');
INSERT INTO `cars`.`modelcolors` (`ID`, `modelid`, `colorid`) VALUES ('275', '24', '2');
INSERT INTO `cars`.`modelcolors` (`ID`, `modelid`, `colorid`) VALUES ('276', '40', '11');
INSERT INTO `cars`.`modelcolors` (`ID`, `modelid`, `colorid`) VALUES ('277', '72', '15');
INSERT INTO `cars`.`modelcolors` (`ID`, `modelid`, `colorid`) VALUES ('278', '93', '16');
INSERT INTO `cars`.`modelcolors` (`ID`, `modelid`, `colorid`) VALUES ('279', '4', '8');
INSERT INTO `cars`.`modelcolors` (`ID`, `modelid`, `colorid`) VALUES ('280', '8', '9');
INSERT INTO `cars`.`modelcolors` (`ID`, `modelid`, `colorid`) VALUES ('281', '44', '17');
INSERT INTO `cars`.`modelcolors` (`ID`, `modelid`, `colorid`) VALUES ('282', '37', '8');
INSERT INTO `cars`.`modelcolors` (`ID`, `modelid`, `colorid`) VALUES ('283', '13', '6');
INSERT INTO `cars`.`modelcolors` (`ID`, `modelid`, `colorid`) VALUES ('284', '116', '7');
INSERT INTO `cars`.`modelcolors` (`ID`, `modelid`, `colorid`) VALUES ('285', '99', '4');
INSERT INTO `cars`.`modelcolors` (`ID`, `modelid`, `colorid`) VALUES ('286', '4', '4');
INSERT INTO `cars`.`modelcolors` (`ID`, `modelid`, `colorid`) VALUES ('287', '100', '2');
INSERT INTO `cars`.`modelcolors` (`ID`, `modelid`, `colorid`) VALUES ('288', '21', '1');
INSERT INTO `cars`.`modelcolors` (`ID`, `modelid`, `colorid`) VALUES ('289', '102', '2');
INSERT INTO `cars`.`modelcolors` (`ID`, `modelid`, `colorid`) VALUES ('290', '105', '4');
INSERT INTO `cars`.`modelcolors` (`ID`, `modelid`, `colorid`) VALUES ('291', '125', '16');
INSERT INTO `cars`.`modelcolors` (`ID`, `modelid`, `colorid`) VALUES ('292', '82', '17');
INSERT INTO `cars`.`modelcolors` (`ID`, `modelid`, `colorid`) VALUES ('293', '53', '19');
INSERT INTO `cars`.`modelcolors` (`ID`, `modelid`, `colorid`) VALUES ('294', '103', '3');
INSERT INTO `cars`.`modelcolors` (`ID`, `modelid`, `colorid`) VALUES ('295', '53', '16');
INSERT INTO `cars`.`modelcolors` (`ID`, `modelid`, `colorid`) VALUES ('296', '119', '6');
INSERT INTO `cars`.`modelcolors` (`ID`, `modelid`, `colorid`) VALUES ('297', '82', '12');
INSERT INTO `cars`.`modelcolors` (`ID`, `modelid`, `colorid`) VALUES ('298', '58', '8');
INSERT INTO `cars`.`modelcolors` (`ID`, `modelid`, `colorid`) VALUES ('299', '10', '20');
INSERT INTO `cars`.`modelcolors` (`ID`, `modelid`, `colorid`) VALUES ('300', '24', '12');
INSERT INTO `cars`.`modelcolors` (`ID`, `modelid`, `colorid`) VALUES ('301', '18', '14');
INSERT INTO `cars`.`modelcolors` (`ID`, `modelid`, `colorid`) VALUES ('302', '9', '9');
INSERT INTO `cars`.`modelcolors` (`ID`, `modelid`, `colorid`) VALUES ('303', '130', '2');
INSERT INTO `cars`.`modelcolors` (`ID`, `modelid`, `colorid`) VALUES ('304', '55', '9');
INSERT INTO `cars`.`modelcolors` (`ID`, `modelid`, `colorid`) VALUES ('305', '12', '18');
INSERT INTO `cars`.`modelcolors` (`ID`, `modelid`, `colorid`) VALUES ('306', '25', '16');
INSERT INTO `cars`.`modelcolors` (`ID`, `modelid`, `colorid`) VALUES ('307', '125', '13');
INSERT INTO `cars`.`modelcolors` (`ID`, `modelid`, `colorid`) VALUES ('308', '128', '3');
INSERT INTO `cars`.`modelcolors` (`ID`, `modelid`, `colorid`) VALUES ('309', '25', '14');
INSERT INTO `cars`.`modelcolors` (`ID`, `modelid`, `colorid`) VALUES ('310', '31', '17');
INSERT INTO `cars`.`modelcolors` (`ID`, `modelid`, `colorid`) VALUES ('311', '41', '1');
INSERT INTO `cars`.`modelcolors` (`ID`, `modelid`, `colorid`) VALUES ('312', '93', '9');
INSERT INTO `cars`.`modelcolors` (`ID`, `modelid`, `colorid`) VALUES ('313', '119', '6');
INSERT INTO `cars`.`modelcolors` (`ID`, `modelid`, `colorid`) VALUES ('314', '108', '14');
INSERT INTO `cars`.`modelcolors` (`ID`, `modelid`, `colorid`) VALUES ('315', '121', '10');
INSERT INTO `cars`.`modelcolors` (`ID`, `modelid`, `colorid`) VALUES ('316', '43', '15');
INSERT INTO `cars`.`modelcolors` (`ID`, `modelid`, `colorid`) VALUES ('317', '121', '15');
INSERT INTO `cars`.`modelcolors` (`ID`, `modelid`, `colorid`) VALUES ('318', '42', '12');
INSERT INTO `cars`.`modelcolors` (`ID`, `modelid`, `colorid`) VALUES ('319', '25', '9');
INSERT INTO `cars`.`modelcolors` (`ID`, `modelid`, `colorid`) VALUES ('320', '109', '5');
INSERT INTO `cars`.`modelcolors` (`ID`, `modelid`, `colorid`) VALUES ('321', '11', '6');
INSERT INTO `cars`.`modelcolors` (`ID`, `modelid`, `colorid`) VALUES ('322', '29', '7');
INSERT INTO `cars`.`modelcolors` (`ID`, `modelid`, `colorid`) VALUES ('323', '6', '11');
INSERT INTO `cars`.`modelcolors` (`ID`, `modelid`, `colorid`) VALUES ('324', '42', '6');
INSERT INTO `cars`.`modelcolors` (`ID`, `modelid`, `colorid`) VALUES ('325', '95', '13');
INSERT INTO `cars`.`modelcolors` (`ID`, `modelid`, `colorid`) VALUES ('326', '94', '9');
INSERT INTO `cars`.`modelcolors` (`ID`, `modelid`, `colorid`) VALUES ('327', '15', '5');
INSERT INTO `cars`.`modelcolors` (`ID`, `modelid`, `colorid`) VALUES ('328', '54', '20');
INSERT INTO `cars`.`modelcolors` (`ID`, `modelid`, `colorid`) VALUES ('329', '109', '12');
INSERT INTO `cars`.`modelcolors` (`ID`, `modelid`, `colorid`) VALUES ('330', '119', '15');


